caseNo,caseId,webTitle,batch,proposedPart,proposedChapter,proposedChapterTitle,placementStatus,evidenceStatus,auditFlags,sourceTrace,bookIncluded,bookPage,mappingStatus
"42","CASE42","반도체·디스플레이 제조시설 Utility 운전최적화와 실시간 효율관리 체계 구축","A_42_51","3","12","반도체 Multi-Utility 통합 최적화","PROPOSED_EXISTING_CHAPTER","B / A-C mixed","EVIDENCE_MIXED_A_B_C","Final_51CASE + multi-site Utility historical source","false","","PHASE3_DRAFT_REVIEW"
"43","CASE43","냉동·공조·압축공기 통합 운전분석을 통한 Utility Balance 최적화","A_42_51","3","12","반도체 Multi-Utility 통합 최적화","PROPOSED_EXISTING_CHAPTER","B/C","EVIDENCE_B_C","Final_51CASE + 냉동·공조·압축공기 운전데이터 historical source","false","","PHASE3_DRAFT_REVIEW"
"44","CASE44","4개 생산시설 Utility 성능 Benchmark를 통한 UPI·가동대수 최적화","A_42_51","3","12","반도체 Multi-Utility 통합 최적화","PROPOSED_EXISTING_CHAPTER","B/C","EVIDENCE_B_C","Final_51CASE + 4개 생산시설 Benchmark historical source","false","","PHASE3_DRAFT_REVIEW"
"45","CASE45","고효율 반도체공장에서 Big-data로 찾아낸 Utility 잔여 절감기회","A_42_51","3","12","반도체 Multi-Utility 통합 최적화","PROPOSED_EXISTING_CHAPTER","B/C","EVIDENCE_B_C","Final_51CASE + 반도체공장 Big-data Utility historical source","false","","PHASE3_DRAFT_REVIEW"
"46","CASE46","PUE 이상을 냉방설비까지 추적한 다중 데이터센터 성능개선","A_42_51","5","23","데이터센터 PUE와 냉방 최적화","PROPOSED_EXISTING_CHAPTER","B/C","EVIDENCE_B_C","Final_51CASE + IDC 에너지성능 개선 historical source","false","","PHASE3_DRAFT_REVIEW"
"47","CASE47","PUE를 ‘보고용 숫자’에서 ‘운전 의사결정’으로 바꾼 다중 데이터센터 실시간 성능최적화","A_42_51","5","23","데이터센터 PUE와 냉방 최적화","PROPOSED_EXISTING_CHAPTER","C + B baseline","EVIDENCE_C_WITH_B_BASELINE","Final_51CASE + 2017 다중 IDC 성능최적화/IPOS 제안자료","false","","PHASE3_DRAFT_REVIEW"
"48","CASE48","133층 초고층 복합건물의 에너지성능을 설계 전에 예측한 DOE-2.1E Simulation","A_42_51","5","22","신축건물 Energy Modeling","PROPOSED_EXISTING_CHAPTER","D","SIMULATION_ONLY_D","Final_51CASE + 서울라이트타워 보고서 + 건물에너지 성능 비교분석 자료","false","","PHASE3_DRAFT_REVIEW"
"49","CASE49","외피·조명·열원설비 설계변경이 건물에너지에 미치는 영향을 비교한 Simulation","A_42_51","5","22","신축건물 Energy Modeling","PROPOSED_EXISTING_CHAPTER","D","SIMULATION_ONLY_D","Final_51CASE + 공덕빌딩 제안서 주요 실적(김천체육관 Simulation)","false","","PHASE3_DRAFT_REVIEW"
"50","CASE50","대형 오피스 빌딩의 창면적·유리성능 변화가 냉난방 에너지에 미치는 영향을 비교한 Simulation","A_42_51","5","22","신축건물 Energy Modeling","PROPOSED_EXISTING_CHAPTER","D","SIMULATION_ONLY_D|TITLE_BOUNDARY_MISMATCH_REVIEW","Final_51CASE + 공덕빌딩 제안서 주요 실적(보육시설 Passive House Simulation)","false","","PHASE3_DRAFT_REVIEW"
"51","CASE51","ASHRAE 90.1 Appendix G Baseline과 설계안을 비교한 대형 복합건물 LEED 에너지모델링","A_42_51","5","22","신축건물 Energy Modeling","PROPOSED_EXISTING_CHAPTER","D","SIMULATION_ONLY_D","Final_51CASE + 공덕빌딩 제안서 주요 실적 + LEED EAc1 historical source","false","","PHASE3_DRAFT_REVIEW"
"52","CASE52","공기압축기 부하율·Loading/Unloading 분석을 통한 적정 가동대수 Test & Adjust","B_52_64","4","14","공기압축기 시스템 운전최적화","PROPOSED_EXISTING_CHAPTER","EVIDENCE-VERIFIED","","Protected CASE52~82 prior Final Story","false","","PHASE3_DRAFT_REVIEW"
"53","CASE53","냉동기 냉수 출구온도 Set Point 상향을 통한 냉동효율 개선 및 전력절감","B_52_64","3","11","냉동기 Plant 최적화","PROPOSED_EXISTING_CHAPTER","EVIDENCE-VERIFIED","","Protected CASE52~82 prior Final Story","false","","PHASE3_DRAFT_REVIEW"
"54","CASE54","CDA Header 압력기반 통합제어를 통한 공기압축기 공급압력 최적화 및 전력절감","B_52_64","4","14","공기압축기 시스템 운전최적화","PROPOSED_EXISTING_CHAPTER","EVIDENCE-VERIFIED","","Protected CASE52~82 prior Final Story","false","","PHASE3_DRAFT_REVIEW"
"55","CASE55","냉수 사용유량 분석 및 적정용량 펌프 선정·교체를 통한 냉수펌프 전력절감","B_52_64","3","11","냉동기 Plant 최적화","PROPOSED_EXISTING_CHAPTER","EVIDENCE-VERIFIED","","Protected CASE52~82 prior Final Story","false","","PHASE3_DRAFT_REVIEW"
"56","CASE56","냉동기 교체운전 Test를 통한 호기별 kW/RT 실측 비교 및 고효율 운전순서 결정","B_52_64","3","11","냉동기 Plant 최적화","PROPOSED_EXISTING_CHAPTER","EVIDENCE-VERIFIED","","Protected CASE52~82 prior Final Story","false","","PHASE3_DRAFT_REVIEW"
"57","CASE57","5℃·13℃ 냉수계통 부하분담 최적화를 통한 냉동기 가동대수 및 반송동력 절감","B_52_64","3","11","냉동기 Plant 최적화","PROPOSED_EXISTING_CHAPTER","EVIDENCE-PARTIAL","EVIDENCE_PARTIAL","Protected CASE52~82 prior Final Story","false","","PHASE3_DRAFT_REVIEW"
"58","CASE58","냉각수펌프 설계유량 적용 Test를 통한 펌프 운전점 및 소비동력 최적화","B_52_64","3","11","냉동기 Plant 최적화","PROPOSED_EXISTING_CHAPTER","EVIDENCE-VERIFIED","","Protected CASE52~82 prior Final Story","false","","PHASE3_DRAFT_REVIEW"
"59","CASE59","CDA 공기압축기 저효율 호기 진단 및 성능저하 원인분석을 통한 효율개선","B_52_64","4","14","공기압축기 시스템 운전최적화","PROPOSED_EXISTING_CHAPTER","EVIDENCE-VERIFIED","","Protected CASE52~82 prior Final Story","false","","PHASE3_DRAFT_REVIEW"
"60","CASE60","냉동유 첨가제 적용 전·후 kW/RT 비교를 통한 냉동기 효율개선 효과 검증","B_52_64","3","11","냉동기 Plant 최적화","PROPOSED_EXISTING_CHAPTER","EVIDENCE-VERIFIED","","Protected CASE52~82 prior Final Story","false","","PHASE3_DRAFT_REVIEW"
"61","CASE61","CDA 압축공기 Demand 패턴 분석 및 수요 변동폭 저감을 통한 공기압축기 가동대수 최적화","B_52_64","4","14","공기압축기 시스템 운전최적화","PROPOSED_EXISTING_CHAPTER","EVIDENCE-VERIFIED","","Protected CASE52~82 prior Final Story","false","","PHASE3_DRAFT_REVIEW"
"62","CASE62","냉각수 입구온도 단계별 Test를 통한 냉동기 최적 운전온도 탐색","B_52_64","3","11","냉동기 Plant 최적화","PROPOSED_EXISTING_CHAPTER","EVIDENCE-VERIFIED","","Protected CASE52~82 prior Final Story","false","","PHASE3_DRAFT_REVIEW"
"63","CASE63","냉동기 부하율 분석 및 냉수밸브 조정을 통한 고효율 냉동기 고부하 운전 최적화","B_52_64","3","11","냉동기 Plant 최적화","PROPOSED_EXISTING_CHAPTER","EVIDENCE-VERIFIED","","Protected CASE52~82 prior Final Story","false","","PHASE3_DRAFT_REVIEW"
"64","CASE64","냉동기 가동대수 8대→7대 최적화를 통한 시스템 에너지원단위 개선","B_52_64","3","11","냉동기 Plant 최적화","PROPOSED_EXISTING_CHAPTER","EVIDENCE-VERIFIED","","Protected CASE52~82 prior Final Story","false","","PHASE3_DRAFT_REVIEW"
"65","CASE65","보일러 호기별 에너지원단위 비교 및 고효율 호기 우선운전을 통한 시스템 효율개선","C_65_69","4","","보일러 시스템 운전최적화","NEW_CHAPTER_CANDIDATE","EVIDENCE-VERIFIED","SYSTEM_METADATA_REVIEW","Protected CASE52~82 prior Final Story","false","","PHASE3_DRAFT_REVIEW"
"66","CASE66","보일러 부하율과 연료 원단위 상관분석을 통한 가동대수 및 고효율 운전영역 최적화","C_65_69","4","","보일러 시스템 운전최적화","NEW_CHAPTER_CANDIDATE","EVIDENCE-VERIFIED","SYSTEM_METADATA_REVIEW","Protected CASE52~82 prior Final Story","false","","PHASE3_DRAFT_REVIEW"
"67","CASE67","보일러 배기가스 온도·O₂ 농도와 연료 원단위 상관분석을 통한 연소효율 개선","C_65_69","4","","보일러 시스템 운전최적화","NEW_CHAPTER_CANDIDATE","EVIDENCE-VERIFIED","SYSTEM_METADATA_REVIEW","Protected CASE52~82 prior Final Story","false","","PHASE3_DRAFT_REVIEW"
"68","CASE68","보일러 스팀유량 계측 이상 진단 및 데이터 정합성 확보를 통한 효율평가 신뢰성 개선","C_65_69","4","","보일러 시스템 운전최적화","NEW_CHAPTER_CANDIDATE","EVIDENCE-VERIFIED","SYSTEM_METADATA_REVIEW|DATA_QUALITY_CASE","Protected CASE52~82 prior Final Story","false","","PHASE3_DRAFT_REVIEW"
"69","CASE69","보일러 스팀 공급압력 패턴 분석을 통한 적정 증기압력 운전 및 연료손실 저감","C_65_69","4","","보일러 시스템 운전최적화","NEW_CHAPTER_CANDIDATE","EVIDENCE-VERIFIED","SYSTEM_METADATA_REVIEW","Protected CASE52~82 prior Final Story","false","","PHASE3_DRAFT_REVIEW"
"70","CASE70","데이터센터 PUE 이상분석을 통한 냉방기 Fan 단독운전 문제 진단","D_70_82","5","23","데이터센터 PUE와 냉방 최적화","PROPOSED_EXISTING_CHAPTER","EVIDENCE-VERIFIED","","Protected CASE52~82 prior Final Story","false","","PHASE3_DRAFT_REVIEW"
"71","CASE71","데이터센터 냉방기 Fan 성능분석을 통한 고효율 EC Fan 교체 및 냉방전력 절감","D_70_82","5","23","데이터센터 PUE와 냉방 최적화","PROPOSED_EXISTING_CHAPTER","EVIDENCE-VERIFIED","","Protected CASE52~82 prior Final Story","false","","PHASE3_DRAFT_REVIEW"
"72","CASE72","데이터센터 외기조건 분석을 통한 외기냉방 적용시간 확대 및 기계냉방 부하 저감","D_70_82","5","23","데이터센터 PUE와 냉방 최적화","PROPOSED_EXISTING_CHAPTER","EVIDENCE-VERIFIED","","Protected CASE52~82 prior Final Story","false","","PHASE3_DRAFT_REVIEW"
"73","CASE73","데이터센터 냉각탑 설정온도 최적화를 통한 냉동기·냉각탑 통합 냉방전력 저감","D_70_82","5","23","데이터센터 PUE와 냉방 최적화","PROPOSED_EXISTING_CHAPTER","EVIDENCE-VERIFIED","","Protected CASE52~82 prior Final Story","false","","PHASE3_DRAFT_REVIEW"
"74","CASE74","다중 데이터센터 PUE·냉방효율 실시간 진단 및 IPOS 성능최적화 플랫폼 구축","D_70_82","5","23","데이터센터 PUE와 냉방 최적화","PROPOSED_EXISTING_CHAPTER","EVIDENCE-VERIFIED","","Protected CASE52~82 prior Final Story","false","","PHASE3_DRAFT_REVIEW"
"75","CASE75","발전소 호기별 소내전력률 Benchmark를 통한 보조기기 효율편차 진단 및 개선 우선순위 도출","D_70_82","4","19","발전소 보조기기","PROPOSED_EXISTING_CHAPTER","EVIDENCE-VERIFIED","SECTOR_METADATA_MISMATCH_REVIEW","Protected CASE52~82 prior Final Story","false","","PHASE3_DRAFT_REVIEW"
"76","CASE76","발전소 급수·복수·해수펌프 가동대수와 VFD·유량·압력 통합 운전최적화","D_70_82","4","19","발전소 보조기기","PROPOSED_EXISTING_CHAPTER","EVIDENCE-VERIFIED","SECTOR_METADATA_MISMATCH_REVIEW","Protected CASE52~82 prior Final Story","false","","PHASE3_DRAFT_REVIEW"
"77","CASE77","데이터센터 지원시설 부하리스트·소비패턴 분석을 통한 상시 Base Load 및 설비운영 개선","D_70_82","5","23","데이터센터 PUE와 냉방 최적화","PROPOSED_EXISTING_CHAPTER","EVIDENCE-VERIFIED","","Protected CASE52~82 prior Final Story","false","","PHASE3_DRAFT_REVIEW"
"78","CASE78","냉각수펌프별 소비전력·운전상태 비교를 통한 성능열위 펌프 진단 및 운전 최적화","D_70_82","","","","REVIEW_REQUIRED","EVIDENCE-VERIFIED","SECTOR_METADATA_MISMATCH_REVIEW|PLACEMENT_REVIEW","Protected CASE52~82 prior Final Story","false","","PHASE3_DRAFT_REVIEW"
"79","CASE79","냉방부하·운전대수 분석을 통한 데이터센터 냉수펌프 과다운전 진단 및 운전 최적화","D_70_82","5","23","데이터센터 PUE와 냉방 최적화","PROPOSED_EXISTING_CHAPTER","EVIDENCE-VERIFIED","","Protected CASE52~82 prior Final Story","false","","PHASE3_DRAFT_REVIEW"
"80","CASE80","냉방부하·냉동기 가동대수 분석을 통한 부분부하 과다운전 진단 및 냉동기 운전조합 최적화","D_70_82","5","23","데이터센터 PUE와 냉방 최적화","PROPOSED_EXISTING_CHAPTER","EVIDENCE-VERIFIED","","Protected CASE52~82 prior Final Story","false","","PHASE3_DRAFT_REVIEW"
"81","CASE81","외기조건·냉각수온도 분석을 통한 데이터센터 냉각탑 성능열위 진단 및 성능개선","D_70_82","5","23","데이터센터 PUE와 냉방 최적화","PROPOSED_EXISTING_CHAPTER","EVIDENCE-VERIFIED","","Protected CASE52~82 prior Final Story","false","","PHASE3_DRAFT_REVIEW"
"82","CASE82","Peak·Load Factor 분석을 통한 데이터센터 계약전력 적정성 진단 및 기본요금 절감","D_70_82","5","23","데이터센터 PUE와 냉방 최적화","PROPOSED_EXISTING_CHAPTER","EVIDENCE-VERIFIED","","Protected CASE52~82 prior Final Story","false","","PHASE3_DRAFT_REVIEW"
